text,category
"The basketball team won the championship after a thrilling overtime game last night.",sports
"Football season kicks off this weekend with several highly anticipated matchups across the league.",sports
"The tennis player advanced to the semifinals after defeating the top-seeded opponent in straight sets.",sports
"Olympic athletes from around the world gathered for the opening ceremony at the national stadium.",sports
"The soccer club announced the signing of a star striker for a record transfer fee.",sports
"Swimmers broke three world records at the national aquatics championships held this week.",sports
"The marathon runner completed the race in under two hours, setting a new personal best.",sports
"Baseball fans packed the stadium to capacity for the playoff game on a sunny afternoon.",sports
"The golf tournament was suspended due to heavy rain and strong winds on the back nine.",sports
"Volleyball players trained intensively to prepare for the upcoming national tournament finals.",sports
"The cycling team dominated the mountain stage, gaining significant time on their rivals.",sports
"Rugby players showed incredible endurance throughout the eighty-minute match in the heat.",sports
"The boxing match ended in a knockout in the third round to the crowd's surprise.",sports
"Track and field athletes competed fiercely for gold medals at the regional championships.",sports
"The ice hockey team advanced to the finals after defeating their rivals in overtime.",sports
"The football coach announced a new formation ahead of the crucial league match this weekend.",sports
"A local swimmer qualified for the national finals after breaking the regional record.",sports
"The cricket team posted a record total in the first innings of the test match.",sports
"Fans celebrated loudly as their team scored the winning goal in the final minutes.",sports
"The wrestling tournament drew competitors from twelve different countries this year.",sports
"A new athletics record was set in the one hundred meters sprint at the invitational meet.",sports
"The basketball league announced the expansion of two new franchises for next season.",sports
"Injuries to key players have forced the coach to rethink the starting lineup.",sports
"The football club unveiled its new home jersey design ahead of the upcoming season.",sports
"Cyclists completed the grueling mountain stage despite harsh weather conditions.",sports
"The tennis doubles pair won the grand slam title for the second consecutive year.",sports
"A young golfer made history by winning the tournament at just nineteen years of age.",sports
"The national rugby team held a training camp ahead of the international series.",sports
"Spectators cheered as the relay team crossed the finish line in record time.",sports
"The soccer league suspended three players following an investigation into match conduct.",sports
"The gymnast scored a perfect ten on the floor routine at the national championship.",sports
"Rowing crews trained at dawn every morning in preparation for the spring regatta.",sports
"The basketball player returned from injury to score forty points in his comeback game.",sports
"A controversial refereeing decision changed the outcome of the final match.",sports
"The swimmer's new technique helped shave half a second off the butterfly event time.",sports
"Youth football academies are producing more professional talent than ever before.",sports
"The track coach credited disciplined training schedules for the team's recent success.",sports
"Crowd attendance at league matches has reached its highest point in over a decade.",sports
"The sprinter overcame a slow start to win gold in the two hundred meters final.",sports
"A new sports complex will be constructed downtown to host major future events.",sports
"The football world cup draw placed the top two seeded nations in the same group.",sports
"The volleyball team won all five sets to secure their place in the quarterfinals.",sports
"A long-distance runner collapsed near the finish but recovered to complete the race.",sports
"The ice skating champion landed a quadruple jump for the first time in competition.",sports
"Basketball analysts praised the team's defensive strategy in the playoff series.",sports
"The baseball pitcher threw a no-hitter for only the fifth time in the franchise history.",sports
"An underdog team surprised everyone by winning the national championship this year.",sports
"The cycling champion attributed his victory to months of high-altitude training.",sports
"A record number of youth players registered for local football clubs this season.",sports
"The marathon was postponed due to extreme heat warnings issued by health authorities.",sports
"The new smartphone features a powerful processor and an improved triple-lens camera system.",technology
"Researchers developed an artificial intelligence model that diagnoses diseases with high accuracy.",technology
"The latest software update introduces several performance improvements and critical security patches.",technology
"Electric vehicles are becoming increasingly popular as battery range and charging speed improve.",technology
"Cloud computing services are transforming how businesses store and process large amounts of data.",technology
"Cybersecurity experts warned about a new ransomware strain targeting financial institutions worldwide.",technology
"The tech giant launched a virtual reality headset with immersive visuals and spatial audio.",technology
"Quantum computers are expected to revolutionize cryptography and accelerate drug discovery research.",technology
"Social media platforms are deploying new algorithms to detect and reduce the spread of misinformation.",technology
"Solar panel efficiency has improved significantly, making renewable energy more affordable for households.",technology
"The robotics company unveiled a humanoid robot capable of performing complex assembly tasks.",technology
"Developers released an open-source framework that simplifies building large language model applications.",technology
"Fiber optic cables are being laid across rural areas to expand high-speed internet access.",technology
"The chip manufacturer announced a breakthrough in transistor density, doubling processing power.",technology
"Augmented reality glasses are being tested in warehouses to assist workers with picking orders.",technology
"A new programming language gained popularity among developers for its speed and safety features.",technology
"The satellite launch placed a new communications relay into geostationary orbit successfully.",technology
"Researchers trained a neural network to compose music that is indistinguishable from human work.",technology
"A startup raised significant funding to develop autonomous delivery drones for urban areas.",technology
"The operating system update improved battery life on laptops by optimizing background processes.",technology
"Engineers designed a new aircraft using advanced composite materials to reduce weight.",technology
"The streaming platform introduced a personalized recommendation engine powered by machine learning.",technology
"A major data breach exposed the personal records of millions of users at an online retailer.",technology
"Wearable health trackers can now detect early signs of atrial fibrillation continuously.",technology
"The electric car manufacturer announced a solid-state battery with twice the current energy density.",technology
"Software engineers adopted containerization to make deployments faster and more reproducible.",technology
"An AI system defeated the reigning champion at the strategic board game for the first time.",technology
"The government launched a digital identity program using biometric verification nationwide.",technology
"A new browser extension blocks tracking scripts and improves page loading performance.",technology
"Scientists used machine learning to map the protein structures of thousands of unknown organisms.",technology
"The latest graphics card delivers twice the performance of its predecessor at the same price.",technology
"Self-driving car technology passed its first large-scale road test in a major metropolitan area.",technology
"Researchers built a flexible screen that can be rolled up and carried in a pocket.",technology
"A new search algorithm significantly reduced the time needed to index web content.",technology
"The smart home device now integrates with over two hundred third-party appliances and services.",technology
"Developers reported that the new API reduced integration time from days to a few hours.",technology
"A team of engineers built a low-cost sensor network to monitor air quality in real time.",technology
"The open-source database project released a major version with improved replication support.",technology
"The language model passed a bar exam with scores in the top percentile for the first time.",technology
"A new compression algorithm reduced video file sizes by forty percent without quality loss.",technology
"Researchers used drones to plant thousands of trees per day in deforested regions.",technology
"The cybersecurity firm discovered a vulnerability in widely used encryption software.",technology
"The telescope captured the clearest image of a distant galaxy using adaptive optics.",technology
"A new keyboard shortcut manager improved developer productivity in popular code editors.",technology
"The browser now supports native lazy loading of images to speed up page rendering.",technology
"Researchers built a chip that performs computations directly in memory to reduce energy use.",technology
"Doctors recommend at least thirty minutes of moderate physical activity each day for a healthy heart.",health
"A new vaccine candidate showed strong efficacy in phase three trials against the respiratory virus.",health
"Mental health awareness campaigns are helping reduce stigma and encouraging people to seek therapy.",health
"Researchers found that a Mediterranean diet significantly reduces the risk of cardiovascular disease.",health
"Hospitals are adopting telemedicine platforms to provide remote consultations to rural patients.",health
"Regular sleep of seven to nine hours is essential for cognitive function and emotional regulation.",health
"Scientists identified a promising compound that slows the progression of Alzheimer's disease in trials.",health
"Childhood obesity rates are rising due to increased screen time and consumption of processed foods.",health
"Meditation and mindfulness practices are gaining popularity as effective tools for stress reduction.",health
"Overuse of antibiotics is accelerating the rise of drug-resistant bacterial infections globally.",health
"Nutritionists advocate for reducing sugar intake to lower the risk of type two diabetes.",health
"New gene therapy techniques are showing promise for treating inherited blood disorders.",health
"Public health officials launched a campaign to increase vaccination rates ahead of flu season.",health
"Exercise has been linked to reduced rates of depression and anxiety in multiple large studies.",health
"Surgeons successfully performed a minimally invasive heart procedure using robotic-assisted technology.",health
"A clinical trial found that intermittent fasting improved markers of metabolic health significantly.",health
"Hospitals are training staff to recognize early signs of sepsis to reduce mortality rates.",health
"Researchers discovered that gut bacteria diversity is linked to better immune system function.",health
"A new blood test can detect pancreatic cancer at an earlier and more treatable stage.",health
"Walking ten thousand steps a day has been shown to improve long-term cardiovascular health.",health
"The drug showed significant reduction in tumor size during the latest round of clinical trials.",health
"Doctors are warning about the rise of vitamin D deficiency during winter months globally.",health
"Mental health apps are being prescribed alongside therapy to help manage anxiety symptoms.",health
"A new surgical technique reduces recovery time for knee replacements by several weeks.",health
"Researchers are studying the effects of chronic stress on cellular aging and longevity.",health
"A global study found that loneliness has health effects comparable to smoking fifteen cigarettes daily.",health
"Air pollution in major cities has been linked to increased rates of respiratory disease.",health
"The health ministry approved a new antiviral drug for treating severe influenza infections.",health
"Experts recommend regular eye screenings for people over forty to catch glaucoma early.",health
"A study found that children who eat breakfast regularly perform better academically.",health
"Scientists developed a skin patch that monitors blood sugar levels without drawing blood.",health
"The hospital network launched a mental wellness helpline staffed around the clock.",health
"Researchers found a link between sleep deprivation and an increased risk of developing dementia.",health
"A new rehabilitation program uses virtual reality to help stroke patients regain motor function.",health
"The study found that social connections significantly reduce the risk of premature death.",health
"Physicians are integrating nutritional guidance into routine checkups to prevent chronic illness.",health
"A promising Alzheimer's drug entered phase two trials after early results showed cognitive improvement.",health
"Wearable devices that track heart rate variability are helping athletes avoid overtraining injuries.",health
"Researchers discovered that dark chocolate in moderation may improve blood vessel function.",health
"A hospital in the capital introduced a zero-waste surgery program to cut medical waste.",health
"Children exposed to nature regularly show lower stress hormone levels according to researchers.",health
"Public health campaigns are addressing the mental health impacts of social media on teenagers.",health
"A large cohort study linked regular sauna use to reduced risk of cardiovascular events.",health
"Scientists are investigating how the microbiome influences mental health through the gut-brain axis.",health
"The new allergy treatment uses controlled exposure to gradually desensitize immune responses.",health
"A global health organization released updated guidelines for managing childhood malnutrition.",health
"Researchers confirmed that regular strength training reduces bone density loss in older adults.",health
"Hospitals are piloting AI triage systems to prioritize patients in busy emergency departments.",health
"A new hearing aid uses machine learning to filter background noise more effectively.",health
"Doctors recommend annual skin checks for early detection of melanoma in high-risk patients.",health
"The president signed a landmark trade agreement with several Pacific nations at the summit.",politics
"Parliament passed a controversial immigration reform bill after weeks of heated debate and amendments.",politics
"The mayor unveiled an ambitious plan to expand public transportation and reduce traffic congestion.",politics
"Voters turned out in record numbers during the midterm elections, exceeding all previous records.",politics
"The opposition party called for an independent investigation into alleged government overspending.",politics
"World leaders convened at the climate summit to negotiate binding emissions reduction targets.",politics
"The senate committee approved the nomination of a new supreme court justice after confirmation hearings.",politics
"Large protests erupted outside the parliament building over proposed austerity budget measures.",politics
"The prime minister called for early elections amid growing public dissatisfaction with the government.",politics
"Foreign policy tensions between the two nations escalated following the breakdown of diplomatic talks.",politics
"The central bank raised interest rates again to combat persistent inflation in the economy.",politics
"Lawmakers debated a new data privacy bill that would impose strict rules on tech companies.",politics
"The government announced a major infrastructure spending package targeting roads and broadband networks.",politics
"International sanctions were extended following the country's failure to meet disarmament commitments.",politics
"The opposition leader accused ministers of corruption and demanded a full parliamentary inquiry.",politics
"A new coalition government was formed after months of negotiations between rival parties.",politics
"The foreign minister met with counterparts to discuss a bilateral free trade agreement.",politics
"Citizens rallied in the capital to demand greater transparency in campaign finance.",politics
"The senate voted to override the executive veto on the landmark healthcare reform bill.",politics
"Election monitors reported several irregularities in the voting process in rural districts.",politics
"The ruling party lost its parliamentary majority following surprise gains by the opposition.",politics
"Diplomatic talks broke down after both sides rejected the proposed ceasefire framework.",politics
"The government introduced a bill to regulate social media platforms operating in the country.",politics
"Local elections saw a record number of first-time candidates running for city council seats.",politics
"The interior minister resigned following mounting pressure over the handling of border policy.",politics
"Lawmakers approved a new budget that increases spending on education and healthcare.",politics
"The president addressed the nation regarding the ongoing dispute over territorial boundaries.",politics
"A new anti-corruption agency was established with authority to investigate senior officials.",politics
"The opposition boycotted the vote, calling the legislative process undemocratic.",politics
"The government pledged to reduce carbon emissions by fifty percent before the next decade.",politics
"Analysts predict the upcoming election will be the most competitive in the past two decades.",politics
"The city council approved zoning changes to allow more affordable housing construction downtown.",politics
"A former minister was charged with bribery following a two-year undercover investigation.",politics
"The government extended emergency powers for an additional sixty days amid security concerns.",politics
"An international court ruled in favor of the smaller nation in the long-standing border dispute.",politics
"The prime minister announced a cabinet reshuffle following the party's poor local election results.",politics
"A new law requires political parties to disclose all donations above a minimum threshold.",politics
"The government proposed expanding national service to address youth unemployment rates.",politics
"Parliament approved the ratification of a multilateral climate accord after lengthy negotiations.",politics
"The vice president broke the tie in the senate with a historic casting vote on tax reform.",politics
"Regional governors met to discuss coordinated flood relief after the disaster struck the south.",politics
"A whistleblower leaked documents revealing undisclosed lobbying by major energy corporations.",politics
"The government launched a taskforce to review the national pension system's long-term viability.",politics
"Campaigners submitted a million-signature petition calling for an electoral reform referendum.",politics
"The defense ministry published its review of military readiness in response to regional tensions.",politics
"A bipartisan group of lawmakers introduced legislation to protect press freedom nationally.",politics
"The justice minister announced reforms to reduce case backlogs in the civil court system.",politics
"Citizens voted narrowly in favor of the constitutional amendment in a national referendum.",politics
"The trade union called a general strike after negotiations over wage increases collapsed.",politics
